idx,id,title,providers,albums,colors,sizes
0,4,פתיחה,[7],[],[76],[108]
1,6,ספיידר שחור,[8],[5],[77],"[95, 96, 97, 98, 99, 100, 101, 102, 103, 104, 105]"
2,8,מגף איגל,[8],[5],[77],"[95, 96, 97, 98, 99, 100, 101, 102, 103, 104, 105]"
3,9,נעל איגל S3,[8],[5],[77],"[95, 96, 97, 98, 99, 100, 101, 102, 103, 104, 105]"
4,10,פנדה אלפא,[],[5],[77],"[98, 99, 100, 101, 102, 103, 104]"
5,11,נעל עבודה 3/4,[9],[5],[84],"[95, 96, 97, 98, 99, 100, 101, 102, 103, 104, 105]"
6,12,נעל בייסיק S3,[11],[5],[77],"[96, 97, 98, 99, 100, 101, 102, 103, 104]"
7,13,נעל עבודה חצי S1P,[9],[5],[77],"[95, 96, 97, 98, 99, 100, 101, 102, 103, 104, 105]"
8,14,נעל עבודה חצי S3,"[10, 28]",[5],[77],"[94, 95, 96, 97, 98, 99, 100, 101, 102, 103, 104, 105]"
9,15,נעל עבודה נשים,"[10, 28]",[5],[77],"[94, 95, 96, 97, 98, 99, 100, 101, 102, 103, 104]"
10,16,מגף בלנדסטון 561,"[8, 10, 28]",[5],[84],"[94, 95, 96, 97, 98, 99, 100, 101, 102, 103, 104]"
11,17,מגף בלנדסטון 910 S3,"[10, 28]",[5],[77],"[94, 95, 96, 97, 98, 99, 100, 101, 102, 103, 104]"
12,18,מגף ריינו חום,"[10, 28]",[5],[84],"[94, 95, 96, 97, 98, 99, 100, 101, 102, 103, 104, 105, 112]"
13,33,חולצת פולו שרוול קצר,"[9, 11, 28, 29, 30, 31]",[4],"[77, 78, 79, 80, 81, 83]","[87, 88, 89, 90, 91, 92, 93]"
14,19,מגף ריינו שחור,"[10, 28]",[5],[77],"[95, 96, 97, 98, 99, 100, 101, 102, 103, 104, 105]"
15,20,"דגמ""ח אינדאני","[8, 9, 11, 28, 30]",[13],"[77, 80, 82, 91]","[87, 88, 89, 90, 91, 92, 93, 107]"
16,21,"דגמ""ח מחוזק ללא גומי","[9, 29]",[13],"[77, 80, 82, 91]","[87, 88, 89, 90, 91, 92, 93, 107]"
17,22,מכנס בנאים מקצועי,"[8, 11]",[13],[81],"[87, 88, 89, 90, 91, 92, 93, 107]"
18,24,מכנס בנאים לייקרה,[8],[13],"[77, 81]","[87, 88, 89, 90, 91, 92]"
19,25,מכנס ג'ינס,"[9, 28, 31]",[13],"[77, 80, 81]","[87, 88, 89, 90, 91, 92, 93, 107]"
20,26,מכנס גומי,[9],[13],[77],"[87, 88, 89, 90, 91, 92, 93, 107]"
21,27,חולצת טריקו 140 גרם שרוול קצר,"[9, 11]",[4],"[77, 78, 80, 81, 86, 88]","[87, 88, 89, 90, 91, 92, 93, 107]"
22,29,חולצת טריקו שרוול ארוך,"[9, 29, 8, 10, 11, 13, 28, 30]",[4],"[77, 78, 80, 81, 86, 88, 91]","[87, 88, 89, 90, 91, 92, 93, 107]"
23,30,חולצת דרייפיט שרוול קצר,"[9, 11, 13, 29, 30]",[4],"[77, 78, 79, 80, 81, 83, 85, 86, 87, 88]","[87, 88, 89, 90, 91, 92, 93, 107]"
24,31,חולצת דרייפיט פולו שרוול קצר,"[9, 11, 13, 28, 29, 30, 31]",[4],"[77, 78, 80, 81]","[87, 88, 89, 90, 91, 92, 93, 107]"
25,32,חולצת דרייפיט שרוול ארוך,"[9, 11, 13, 28, 29, 30]",[4],"[77, 80, 81]","[87, 88, 89, 90, 91, 92, 93, 107]"
26,34,חולצת פולו שרוול ארוך,"[9, 29, 11, 13]",[4],"[77, 78, 80, 81]","[87, 88, 89, 90, 91, 92, 93]"
27,52,ביגוד חד פעמי,[16],[9],[78],[108]
28,53,"ציוד התמגנות ""קורונה"" ,",[],[9],[78],[108]
29,54,"ציוד התמגנות ""קורונה"".",[],[9],[78],[108]
30,55,"ציוד התמגנות ""קורונה""",[],[9],[78],[108]
31,67,קרוקס קלאסיק,"[10, 28]",[5],[77],"[94, 95, 96, 97, 98, 99, 100, 101, 102, 103, 104, 105, 113]"
32,69,נעל עבודה עם תקן S3,"[10, 28]",[5],[77],"[94, 95, 96, 97, 98, 99, 100, 101, 102, 103, 104, 105, 112]"
33,70,מגף בלנדסטון 585,"[8, 10, 28]",[5],[84],"[94, 95, 96, 97, 98, 99, 100, 101, 102, 103, 104, 105, 112]"
34,84,כובע אוסטרלי,"[23, 32]",[14],"[80, 81, 82]",[108]
35,71,מגף פנדה S3,[8],[5],[84],"[94, 95, 96, 97, 98, 99, 100, 101, 102, 103, 104, 105, 112]"
36,72,מגף גומי ריינו,[10],[5],[77],"[94, 95, 96, 97, 98, 99, 100, 101, 102, 103, 104]"
37,73,כפכפי אצבע,"[17, 18]",[5],"[77, 80, 86, 92]","[96, 97, 98, 99, 100, 101, 102, 103, 104]"
38,74,"דגמ""ח ג'ינס",[9],[13],[86],"[87, 88, 89, 90, 91, 92, 93]"
39,75,"דגמ""ח קצר","[28, 31]",[13],"[77, 81, 82]","[87, 88, 89, 90, 91, 92, 93, 107]"
40,76,מכנס טבחים פסים,"[9, 11, 30]",[10],[77],"[87, 88, 89, 90, 91, 92, 93, 107]"
41,77,חולצה אמריקאית,"[11, 30]",[4],"[83, 90]","[87, 88, 89, 90, 91, 92, 93]"
42,78,חולצת פלאנל,[8],[4],"[77, 78]","[87, 88, 89, 90, 91]"
43,79,כובע מצחיה,"[13, 30, 32]",[14],"[77, 78, 80, 82, 83]",[108]
44,80,כובע דרייפיט,"[30, 32]",[14],"[77, 78, 80, 81, 82, 83, 86]",[108]
45,81,כובע ליגיונר,"[30, 32]",[14],"[80, 81, 82, 88]",[108]
46,82,כובע ליגיונר דרייפיט,"[30, 32]",[14],"[80, 81, 82]",[108]
47,83,כובע דייגים,"[32, 11, 30, 23]",[14],"[78, 80, 81, 82]",[108]
48,85,כובע אוסטרלי ליגיונר,[32],[14],"[80, 81, 82]",[108]
49,86,כובע סהרה,[32],[14],"[80, 81, 82, 88]",[108]
50,87,חולצת עבודה,"[9, 30]",[10],[86],"[87, 88, 89, 90, 91, 92, 93, 107]"
51,88,סרבל שלם,[8],[10],"[77, 80, 81, 87]","[87, 88, 89, 90, 91, 92]"
52,89,סרבל גנן,[8],[10],"[77, 80, 81, 86, 87]","[87, 88, 89, 90, 91, 92, 93]"
53,90,מקטורן,"[9, 11, 30]",[10],"[77, 78, 86]","[87, 88, 89, 90, 91, 92, 93, 107]"
54,91,חלוקים,"[9, 30]",[10],[78],"[87, 88, 89, 90, 91, 92]"
55,92,מקטורן שף,"[9, 11, 30]",[10],"[77, 78]","[87, 88, 89, 90, 91, 92, 93, 107]"
56,93,סינר חצי,"[9, 11]",[10],[77],[108]
57,94,סינר שלם,"[9, 11, 30]",[10],[77],[108]
58,95,"ווסט בטיחות מד""א","[11, 30]",[7],"[79, 87]",[108]
59,96,ווסט בטיחות זוהר,"[11, 30]",[7],"[79, 87]",[108]
60,97,קסדת בטיחות מקצועית,[15],[7],"[78, 79]",[108]
61,98,קסדת עבודה בגובה,[15],[7],"[78, 79]",[108]
62,99,כפפות עבודה PU,[15],[7],[77],"[109, 110, 111]"
63,100,כפפות עבודה לטקס מוקצף,[15],[7],[87],"[109, 110, 111]"
64,101,כפפות עבודה נגד חיתוך מארז 3 זוגות,[15],[7],[91],"[109, 110, 111]"
65,102,כפפות ריתוך,[15],[7],[83],[108]
66,103,כפפות ריתוך מקצועיות,[15],[7],[79],[108]
67,104,משקפי בטיחות מקצועיות UV,[15],[7],[87],[108]
68,105,משקפי בטיחות מבקרים,[15],[7],[76],[108]
69,106,אוזניות בטיחות פשוטות,[15],[7],[83],[108]
70,107,משקפי מגן שקופות,[15],[7],[76],[108]
71,120,כובע צמר,"[13, 30, 32]","[41, 18]","[77, 78, 80, 81, 85]",[108]
72,108,משקפי מגן כהות,[15],[7],[77],[108]
73,109,משקפי מגן גוגלס,[15],[7],[76],[108]
74,110,אוזניות מגן עם חיבור לקסדה,[15],[7],[92],[108]
75,111,אטמי אוזניים סיליקון,[15],[7],[76],[108]
76,112,אוזניות בטיחות מקצועיות,[15],[7],[77],[108]
77,113,רתמת עבודה בגובה,[15],[7],[79],[108]
78,114,מגן פנים,[15],[7],[79],[108]
79,115,אטמי אוזניים ספוג עם שרוך,[15],[7],[79],[108]
80,116,דיספנסר אטמי אוזניים,[15],[7],[86],[108]
81,117,אטמי אוזניים ספוג ללא שרוך,[15],[7],[79],[108]
82,118,אטמי אוזניים לדיספנסר,[15],[7],[85],[108]
83,122,חם צוואר,"[32, 34, 30, 13]",[18],[77],[108]
84,163,חולצת טריקו V,"[9, 30]",[4],"[77, 78, 80, 81]","[87, 88, 89, 90, 91, 92, 93]"
85,121,כפפות צמר,"[32, 34]","[41, 18]",[77],[108]
86,123,סופטשל פרווה,"[11, 13, 28, 29, 30, 31]",[6],"[77, 80, 88]","[87, 88, 89, 90, 91, 92, 93, 107]"
87,124,סופטשל ללא פרווה,"[9, 28, 13, 30]",[6],"[77, 88]","[87, 88, 89, 90, 91, 92, 93, 107]"
88,125,מעיל דובון,"[9, 31]",[6],"[77, 80]","[87, 88, 89, 90, 91, 92, 93, 107]"
89,126,מעיל פוך,[9],[6],[77],"[87, 88, 89, 90, 91, 92, 93, 107]"
90,127,פליז דו צידי,"[11, 13, 28, 29, 30, 31]",[6],"[77, 80, 88]","[87, 88, 89, 90, 91, 92, 93, 107]"
91,128,פליז חד צידי,"[9, 11, 13, 28, 29, 30]",[6],"[77, 80, 88]","[87, 88, 89, 90, 91, 92, 93, 107]"
92,129,פוטר ניקי,"[9, 11, 13, 29, 30, 31]",[6],"[77, 78, 80, 81, 85, 86]","[87, 88, 89, 90, 91, 92, 93, 107]"
93,130,פוטר צווארון,"[9, 11, 13, 30]",[6],"[80, 91]","[87, 88, 89, 90, 91, 92, 93, 107]"
94,131,קפוצ'ון קנגרו,"[9, 11, 13, 29, 30]",[6],"[77, 78, 80, 81, 85]","[87, 88, 89, 90, 91, 92, 93, 107]"
95,132,קפוצ'ון רוכסן,"[9, 11, 13, 29, 30]",[6],"[77, 78, 80, 81, 83]","[87, 88, 89, 90, 91, 92, 93, 107]"
96,133,מעיל פוך עם כובע,[29],[6],"[77, 80, 81, 86, 91]","[87, 88, 89, 90, 91, 92, 93, 107]"
97,134,מעיל טייסים,"[9, 29, 13, 30]",[6],[77],"[87, 88, 89, 90, 91, 92, 93, 107]"
98,135,מעיל איכותי,"[9, 29]",[6],"[77, 80]","[87, 88, 89, 90, 91, 92, 93, 107]"
99,164,חולצה טרמית,[8],[6],"[77, 78]","[87, 88, 89, 90, 91]"
100,136,חליפת גשם פס זוהר,"[9, 11]",[6],[80],"[89, 91]"
101,137,חרמונית,"[9, 30]",[6],[80],"[87, 88, 89, 90, 91, 92, 93]"
102,138,גרבי כותנה,"[26, 27, 32]",[19],"[77, 78, 81]",[108]
103,139,גרבי ספורט,"[26, 27, 32]","[41, 19]","[77, 78]",[108]
104,140,גרבי צבא,"[26, 27, 32]","[41, 19]",[81],[108]
105,141,פאקט מצתים קליפר,[33],[25],"[77, 78, 79, 80, 81, 82, 84, 85, 86, 87]",[108]
106,142,פאקט מצתים,[33],[25],"[77, 78, 79, 80, 81, 82]",[108]
107,155,חולצת טריקו 160 גרם שרוול קצר,"[9, 11, 13, 28, 29, 30]",[4],"[77, 78, 79, 81, 83, 86]","[87, 88, 89, 90, 91, 92, 93, 107]"
108,156,נעל בטיחות ספורטיבית צבע אפור,[9],[5],[77],"[96, 97, 98, 99, 100, 101, 102, 103, 104, 105]"
109,157,נעל בטיחות ספורטיבית צבע אדום,[9],[5],[77],"[95, 96, 97, 98, 99, 100, 101, 102, 103, 104, 105]"
110,158,נעל בטיחות ספורטיבית צבע כתום,[9],[5],[77],"[95, 96, 97, 98, 99, 100, 101, 102, 103, 104, 105]"
111,159,מכנס ניילון מתפרק,"[28, 31]",[13],"[77, 80, 81, 82, 88]","[87, 88, 89, 90, 91, 92, 93]"
112,160,מכנס ניילון משולב לייקרה,"[28, 31]",[13],"[80, 81, 82, 88]","[87, 88, 89, 90, 91, 92, 93]"
113,161,מכנס ספורט דרייפיט קצר,"[13, 30]",[13],"[77, 78, 80, 83]","[87, 88, 89, 90, 91, 92, 93]"
114,162,מכנס טרנינג,"[13, 30]",[13],"[77, 80, 81]","[87, 88, 89, 90, 91, 92, 93]"
115,165,תאורת חירום,[20],[17],"[78, 83]",[108]
116,167,אוהל איגלו 2 אנשים 2 חלונות,[20],[17],[85],[108]
117,168,כובע פונפון ילדים,[34],"[41, 18]","[77, 78, 80, 84, 87]",[108]
118,169,כובע פונפון נצנצים נשים,[34],"[41, 18]","[77, 78, 82]",[108]
119,170,כובע סרוג פונפון נשים,[34],[18],"[77, 78, 81, 83, 93]",[108]
120,171,כובע צמר לנוער,[34],[18],"[77, 78, 93]",[108]
121,172,חם צוואר משולב כובע,[34],"[41, 18]","[77, 80, 81, 84]",[108]
122,173,"כובע צמר לנוער ""חייזר""",[34],[18],[77],[108]
123,174,"כובע צמר לנוער ""סמיילי""",[34],[18],[77],[108]
124,175,"צעיף ""פס לבן""",[34],[18],"[80, 81, 84, 86, 91]",[108]
125,176,כפפות פליז סקוץ' הידוק,[34],"[41, 18]","[77, 81]",[108]
126,177,חם צוואר במגוון צבעים,[34],"[41, 18]","[77, 80, 83, 88]",[108]
127,178,"כובע צמר לילדים דגם ""פוזי""",[34],[18],"[77, 78, 82, 92, 93]",[108]
128,179,"כובע סרוג אופנתי ""מעויינים""",[34],[18],"[77, 78, 81, 84, 92]",[108]
129,180,מטרייה מנומרת מתקפלת,[34],[18],[76],[108]
130,181,"מטריית ילדים דגם ""UNICORN""",[34],[18],"[76, 83, 85, 86, 93]",[108]
131,182,"מטרייה דגם ""ג'ונסון""",[34],[18],"[80, 81, 83]",[108]
132,183,כובע קסקט סרוג,[34],[18],"[77, 78, 80, 82]",[108]
133,185,כובע פסים סרוג,[34],[18],"[77, 80, 81, 83, 91]",[108]
134,186,כפפות צמר חצי,[34],[18],[77],[108]
135,187,כובע ילדים דגם חיות,[34],[18],"[77, 78, 84, 91, 93]",[108]
136,188,צעיף גברים מעוצב,[34],[18],[77],[108]
137,189,מטריה מתהפכת,[34],[18],"[80, 93, 94]",[108]
138,190,מטריה מעוצבת משבצות,[34],[18],"[80, 83, 84]",[108]
139,191,כובע גברים סרוג עם פרווה,[34],[18],"[77, 80, 81, 84]",[108]
140,193,כפפות טאץ' לסלולר,"[23, 32]",[18],"[77, 83, 86]",[108]
141,195,מטען קיר אייפון מאושר אפל,[35],[23],[78],[108]
142,196,מטען קיר TYPE C- פרימיום,[35],[23],[78],[108]
143,197,מחמם אוזניים,[23],[18],[77],[108]
144,198,מטען קיר מיקרו USB פרימיום,[35],[23],[78],[108]
145,199,מחמם אוזניים פרוותי,[23],[18],"[77, 78, 87]",[108]
146,200,צעיף פליז,"[32, 23, 13, 30]",[18],"[77, 83, 86]",[108]
147,201,צעיף עגול נשים,[23],[18],"[77, 78, 79, 83, 86, 87, 90]",[108]
148,202,מטען קיר כבל משולב,[35],[23],[77],[108]
149,203,מטען קיר SPEEDY,[35],[23],[77],[108]
150,204,משקפת צלילה ושנורקל,[23],[20],"[79, 83, 85]",[108]
151,205,משקפת שחייה,[23],[20],"[79, 83, 86]",[108]
152,207,מטען קיר Micro USB SAMSUNG ORIGINAL,[35],[23],[78],[108]
153,208,פאוץ' לפאלפון נקשר ליד,[23],[27],[77],[108]
154,206,משקפי שמש,[23],[20],"[77, 79, 80, 83, 85, 86, 87, 90]",[108]
155,209,פאוץ' ריצה,[23],[27],"[77, 93]",[108]
156,210,מגרד גב טלסקופי גלגל,[23],[27],"[77, 83, 85, 86]",[108]
157,211,מגרד גב ותופסן לנעליים עץ,[23],[27],[82],[108]
158,212,מסאז' ראש,[23],[27],"[83, 86]",[108]
159,213,דמוי מצלמת אבטחה,[23],[27],[78],[108]
160,214,תאורת לד מסתובבת,[23],[27],[76],[108]
161,215,שרשרת לדים 5 מטר,[23],[27],[76],[108]
162,216,שעון דיגיטאלי דמוי עץ,[23],[27],[84],[108]
163,217,מגפון גדול,[23],[27],[78],[108]
164,218,מגפון קטן,[23],[27],[78],[108]
165,219,שעון דיגיטאלי גדול לקיר,[23],[27],[77],[108]
166,220,בנדנות במגוון צבעים,"[18, 23]",[14],"[77, 79, 80, 83, 85, 86, 87]",[108]
167,221,כובע ספורט,[23],[14],"[77, 78, 83, 86, 93]",[108]
168,222,כובע קאובוי,[23],[14],"[80, 82, 84]",[108]
169,241,מטען קיר לאייפון 6 ומעלה,[35],[23],[78],[108]
170,223,כובע קאובוי דמוי קש,[23],[14],"[78, 82, 84]",[108]
171,224,כובע מצחייה ראפרים,[23],[14],"[77, 78, 79, 80, 81, 83, 85, 86]",[108]
172,225,נרתיק לטבק,[23],[25],"[82, 84]",[108]
173,226,גריינדר טבק מתכת,[23],[25],"[78, 83, 85, 86]",[108]
174,227,גריינדר טבק פלסטיק,[23],[25],"[79, 83, 85, 86]",[108]
175,228,מאפרה חורים,[23],[25],"[77, 83, 86]",[108]
176,229,מאפרה פח חורים,[23],[25],"[77, 80, 83, 85, 86]",[108]
177,230,מאפרות זכוכית,[23],[25],[76],[108]
178,231,מאפרה קריסטל,[23],[25],[76],[108]
179,233,מילוי לזיפו,[23],[25],[77],[108]
180,235,מכונת גלגול סיגריות,[23],[25],[76],[108]
181,237,מצית טורבו שקוף,[23],[25],"[83, 85, 86, 87]",[108]
182,238,חגורות עור לגבר,[23],[13],"[77, 82, 83, 84]","[87, 88, 89, 90, 91]"
183,410,נעל בית פתוחה,[17],[5],"[77, 86, 92]","[94, 95, 96, 97, 98, 99, 100, 101, 102, 103, 104]"
184,236,מצית טורבו מתכת,[23],[25],"[77, 78, 79]",[108]
185,234,מילוי למצית,[23],[25],[79],[108]
186,239,חגורות בד נמתחות,[23],[13],"[77, 82, 84]",[108]
187,240,מטען קיר מאושר אפל,[35],[23],[78],[108]
188,242,מטען קיר מיקרו USB,[35],[23],[78],[108]
189,243,מטען USB 4 יציאות,[35],[23],[78],[108]
190,244,מטען רכב אייפון מאושר אפל,[35],[23],[78],[108]
191,245,רמקול אקסטרים,[35],[24],[86],[108]
192,246,מטען רכב TYPE C- פרימיום,[35],[23],[78],[108]
193,247,מטען רכב מיקרו USB- פרימיום,[35],[23],[78],[108]
194,248,רמקול נייד דגם lightning,[35],[24],[77],[108]
195,249,מטען USB למצת רכב 2 יציאות,[35],[23],[77],[108]
196,250,רמקול נייד דגם radio,[35],[24],[77],[108]
197,251,מטען רכב מיקרו USB,[35],[23],[78],[108]
198,252,רמקול נייד 6.5 אינץ',[35],[24],[77],[108]
199,461,פינצטה,[39],"[41, 29]",[76],[108]
200,253,בידורית 12 אינץ',[35],[24],[77],[108]
201,254,בידורית 12 אינץ' power,[35],[24],[77],[108]
202,255,מטען רכב TYPE C באריזת בליסטר,[35],[23],[78],[108]
203,256,"סוללת גיבוי 20,000MAH",[35],[23],[78],[108]
204,257,"סוללת גיבוי 10,000MAH",[35],[23],[78],[108]
205,258,כבל טעינה לאייפון,[35],[23],[92],[108]
206,259,כבל טעינה TYPE C,[35],[23],[77],[108]
207,260,כבל טעינה מיקרו USB,[35],[23],[92],[108]
208,261,כבל 2 מטר AUX,[35],[23],[92],[108]
209,262,מעמד מגנטי טלסקופי לרכב,[35],[23],[77],[108]
210,263,זרוע לרכב,[35],[23],[79],[108]
211,264,כבל מטאלי טייפ סי לטייפ סי,[35],[23],[92],[108]
212,265,מעמד מגנטי לדשבורד,[35],[23],[77],[108]
213,266,כבל מתאם AUDIO למכשירי אייפון,[35],[23],[92],[108]
214,267,כבל 1 מטר AUX,[35],[23],[78],[108]
215,268,מעמד מגנטי נתפס,[35],[23],[77],[108]
216,269,מעמד מגנטי לסלולרי,[35],[23],[77],[108]
217,299,פנס יד קטן,[23],[17],"[77, 79, 83, 86]",[108]
218,270,אוזנית בלוטוס שלט קפיצית - RETRACTABLE,[35],[23],[92],[108]
219,271,מעמד למזגן הרכב,[35],[23],[77],[108]
220,272,מעמד מגנטי למזגן,[35],[23],[77],[108]
221,273,מעמד סלפי עם חיישן תנועה,[35],[27],[77],[108]
222,274,אוזניות מיקרופון איכותיות,[35],[24],[77],[108]
223,275,ערכת פוקר 100 ז'יטונים,"[22, 23]",[30],[76],[108]
224,276,אוזניות בלוטוס ספורט,[35],[24],[77],[108]
225,277,קלפים מארז זוגי,"[22, 23]",[30],[76],[108]
226,278,גלגל כושר לבטן,[23],[28],[76],[108]
227,279,אימון כף יד,[23],[28],"[77, 83, 85, 86]",[108]
228,280,אימון שריר יד,[23],[28],[77],[108]
229,281,אוזניות מיקרופון בייסיק,[35],[24],[77],[108]
230,282,מכשיר חיזוק הגוף,[23],[28],"[77, 79, 85, 86]",[108]
231,283,בקבוק שתיה רב פעמי,[23],[28],"[77, 78, 83, 86]",[108]
232,284,אוזניות עם חיבור טייפ סי,[35],[24],[77],[108]
233,285,כפפות אימון,[23],[28],[86],[108]
234,286,תחבושת אלסטית זוג ברך,[23],[28],[86],[108]
235,287,אוזניות בס מוגבר,[35],[24],"[92, 93]",[108]
236,288,תחבושת אלסטית זוג מרפק,[23],[28],[86],[108]
237,289,תחבושת אלסטית זוג כף יד,[23],[28],[86],[108]
238,290,תחבושת אלסטית זוג קרסול,[23],[28],[86],[108]
239,291,אוזניות אלחוטיות,[35],[24],[78],[108]
240,292,מכשיר אימון חזה,[23],[28],[77],[108]
241,294,אוזניות קשת בלוטוס ספורט,[35],[24],[94],[108]
242,295,סט חכת דייג,[23],[17],[76],[108]
243,296,סט טיסה,[23],[17],[76],[108]
244,297,"פנס קמפינג ""עששית""",[23],[17],[76],[108]
245,298,פנס ראש,[23],[17],[77],[108]
246,315,מנעול גדול בודד,[23],[26],[76],[108]
247,300,רמקול נגד מים,[23],[24],"[77, 78, 79, 83, 85, 86]",[108]
248,301,רמקול נשיאה,[23],[24],"[77, 78, 79, 83, 86]",[108]
249,302,מנעול עם קוד,[23],[26],[77],[108]
250,304,סט תאורה סולארית לגינה,[23],[26],[77],[108]
251,306,דבק 3 שניות גדול 12 יחידות בדף,[23],[26],[76],[108]
252,307,דבק 3 שניות אריזה זוגית,[23],[26],[76],[108]
253,308,דבק אפוקסי זוג,[23],[26],[76],[108]
254,309,"דבק דו צדדי 19 מ""מ 2 מטר אורך",[23],[26],[78],[108]
255,310,דבק חשמלאים שחור 30 מטר,[23],[26],[77],[108]
256,311,"דבק מגע 50 מ""ל",[23],[26],[76],[108]
257,312,גליל דבק שקוף 150 מ',[23],[26],[76],[108]
258,314,מתלה עם דבק דוץ,[23],[26],[78],[108]
259,305,דבק 3 שניות 12 יחידות בדף,[23],"[41, 26]",[76],[108]
260,313,סט תיקון פנצ'ר אופניים משודרג,[23],[26],[76],[108]
261,316,מנעול מחסנים גדול בודד,[23],[26],[76],[108]
262,320,פנס יד ארוך,[23],[26],[77],[108]
263,360,סט בצק מכונה,[36],[30],[76],[108]
264,322,ארנק מצויר עור לגבר,[23],[22],"[77, 84]",[108]
265,323,ארנק כרטיסים,[23],[22],"[77, 84]",[108]
266,325,פאוץ' צבאי,[23],[22],[76],[108]
267,326,פאוץ' עור שחור,[23],[22],[77],[108]
268,327,תיק אלכסון עור לגבר,[23],[22],"[77, 84]",[108]
269,328,תיק גב לילדים,[23],[22],[76],[108]
270,329,תיק צד בד,[23],[22],"[77, 80, 82, 86]",[108]
271,319,סט 12 יח' מנעולים קטן,[23],"[41, 26]",[76],[108]
272,324,פאוץ' בד הודו,[23],[22],"[83, 85, 86, 94]",[108]
273,317,סט 12 יח' מנעולים בינוני,[23],"[41, 26]",[76],[108]
274,318,סט 12 יח' מנעולים גדול,[23],"[41, 26]",[76],[108]
275,332,תיק ספורט,[23],[22],[77],[108]
276,334,כיסוי עיניים בד,[23],[29],[77],[108]
277,335,קולב לתכשיטים,[23],[29],[77],[108]
278,339,מצת גז ארוכה,[23],[29],"[79, 83, 85, 86]",[108]
279,340,רמיקוב ELITE,[36],[30],[76],[108]
280,341,מונופול קלאסי,[36],[30],[76],[108]
281,342,אלופי הטריוויה,[36],[30],[76],[108]
282,343,שש בש איכותי,[36],[30],[76],[108]
283,333,תיק צד עור לחגורה,[23],[22],[84],[108]
284,331,ארנק צד בד לחגורה,[23],[22],[77],[108]
285,330,תיק צד עור לגבר,[23],[22],[84],[108]
286,344,שלושה משחקים בקופסה,[36],[30],[76],[108]
287,337,גוזז ציפורניים כסוף,[23],[29],[76],[108]
288,345,קצפת לפנים,[36],[30],[76],[108]
289,346,משחק הצוללות,[36],[30],[76],[108]
290,347,משחק כדורסל,[36],[30],[76],[108]
291,348,קובייה הונגרית,[36],[30],[76],[108]
292,349,כלי שח מט גדולים,[36],[30],[76],[108]
293,350,משחק ג'נגה,[36],[30],[76],[108]
294,351,משחק דייג הדגים,[36],[30],[76],[108]
295,352,אקדח כדורים רכים,[36],[30],[76],[108]
296,353,חרוזים להשחלה בקופסה,[36],[30],[76],[108]
297,354,סט אפיה,[36],[30],[76],[108]
298,355,סט איפור אובלי,[36],[30],[76],[108]
299,356,סט פיצה,[36],[30],[76],[108]
300,357,לוח מחיקה מגנטי גדול,[36],[30],[76],[108]
301,358,לוח סל,[36],[30],[76],[108]
302,359,מכשיר קשר וולקי טולקי,[36],[30],[76],[108]
303,361,סט צבעי אצבעות,[36],[30],[76],[108]
304,362,קליעה למטרה ספוג,[36],[30],[76],[108]
305,363,קפיץ מדרגות גדול,[36],[30],[76],[108]
306,364,קוביות עץ 100 יחידות,[36],[30],[76],[108]
307,365,צורות להשחלה בקופסה,[36],[30],[76],[108]
308,366,טאקי,[36],[30],[76],[108]
309,367,דומינו ראלי בסיסי,[36],[30],[76],[108]
310,368,דומינו ראלי אקסטרים,[36],[30],[76],[108]
311,369,אף על הדף,[36],[30],[76],[108]
312,370,חרוזים לגיהוץ,[36],[30],[76],[108]
313,371,יצירה בהתזת צבע,[36],[30],[76],[108]
314,372,יצירה תבניות גבס חיות,[36],[30],[76],[108]
315,373,סט 4 דפים שחורים לגירוד,[36],[30],[76],[108]
316,374,פזל 108 חלקים ספר הג'ונגל דו צדדי,[36],[30],[76],[108]
317,375,פזל 108 חלקים בת הים דו צדדי,[36],[30],[76],[108]
318,376,כדורסל מספר 5 - 7,[36],[28],[87],[108]
319,377,כדורעף,[36],[28],[76],[108]
320,378,סט 3 כדורי טניס בקופסה,[36],[28],[85],[108]
321,379,סט 3 כדורי טניס בשקית,[36],[28],[85],[108]
322,380,כדורגל תפור מס 5,[36],[28],[76],[108]
323,381,אלת בייסבול וכדור ספוג,[36],[28],[76],[108]
324,382,זוג שערי כדורגל מתקפלים,"[35, 36]",[30],[86],[108]
325,383,חבל קפיצה מעץ,[36],[28],[76],[108]
326,384,חבל קפיצה מקצועי,[36],[28],"[77, 83]",[108]
327,385,"חישוק איכותי 60 ס""מ",[36],[28],"[79, 85, 86, 87, 94]",[108]
328,386,חישוק סל מקצועי,[36],[28],[76],[108]
329,387,כדור פילאטיס,[36],[28],"[85, 86]",[108]
330,388,מטקה תופסת סקווטש,[36],[28],[76],[108]
331,389,מטקות חלולות,[36],[28],[84],[108]
332,390,"מנהרה 180 ס""מ",[36],[30],[76],[108]
333,391,מצנח 2 מטר,[36],[30],"[79, 83, 85, 86]",[108]
334,392,מצנח פעילות 3.5 מטר,[36],[30],[76],[108]
335,393,משאבה לכדורים,[36],[28],[79],[108]
336,394,משאבת רגל לניפוח כדורים ואופניים,[36],[28],[77],[108]
337,395,מתקן איגרוף עם משטח,[36],[30],[77],[108]
338,396,סולם קורדינציה 12 שלבים,[36],[28],[76],[108]
339,463,שטיח כניסה לבית,[39],[35],[76],[108]
340,397,סט פינג פונג עם רשת מתכוננת,[36],[28],[76],[108]
341,398,סט פינג פונג,[36],[28],[76],[108]
342,399,"עמוד לוח כדורסל 150 ס""מ",[36],[30],[76],[108]
343,400,צלחת מעופפת מקצועית 175 גרם,[36],[28],"[78, 79, 85, 86]",[108]
344,401,קליעה למטרה חייצים,[36],[28],[76],[108]
345,402,כדור קרניים,[36],[30],"[79, 83]",[108]
346,403,ג'קט ספארי,[9],[10],"[77, 82]","[87, 88, 89, 90, 91, 92, 93]"
347,404,מעיל פוך ללא כובע,[29],[6],"[77, 80, 86, 91, 92]","[87, 88, 89, 90, 91, 92, 93]"
348,406,כפכף פס רחב,"[17, 18]",[5],"[77, 80, 92]","[94, 95, 96, 97, 100, 101, 102, 103, 104]"
349,407,כפכף סגור,"[17, 18]",[5],[77],"[94, 95, 96, 97, 98, 99, 100, 101, 102, 103, 104]"
350,408,נעלי בית קיפי,"[17, 18]",[5],"[84, 86, 92]","[95, 96, 97, 98, 99, 100, 101, 102, 103]"
351,409,סנדלים,[17],[5],[84],"[96, 97, 98, 99, 100, 101, 102, 103, 104]"
352,411,זוג תחתונים משולש,[24],[19],"[77, 78, 86, 92]","[87, 88, 89, 90, 91, 92]"
353,412,בוקסר אמריקאי,[24],[19],"[77, 78, 86, 92]","[87, 88, 89, 90, 91]"
354,414,גרבי קרסול,"[24, 27, 32]","[41, 19]","[77, 78]","[94, 95, 96, 97, 98, 99, 100, 101, 102, 103]"
355,415,כובע סהרה רשת,[32],[14],"[78, 80, 82, 86]",[108]
356,416,כובע סהרה חגורה,[32],[14],"[78, 80, 82, 84]",[108]
357,417,מצעים זוגי,[18],[35],[76],[108]
358,418,טייגר בלאם,[22],[29],[76],[108]
359,419,גז פלפל,[22],[29],[77],[108]
360,420,ג'ינס קצר,[31],[13],"[77, 80, 86]","[87, 88, 89, 90, 91, 92, 93]"
361,421,ג'ינס משולב לייקרה,[31],[13],"[77, 80, 86]","[87, 88, 89, 90, 91, 92, 93]"
362,422,מכופתרת שרוול קצר,"[9, 29]",[4],"[77, 78, 86]","[87, 88, 89, 90, 91, 92, 93, 107]"
363,423,מכופתרת שרוול ארוך,"[9, 29]",[4],"[77, 80, 86, 92]","[87, 88, 89, 90, 91, 92, 93]"
364,426,חליפת סערה צהובה,[37],[6],[79],"[89, 90]"
365,427,מעיל גשם,[37],[6],[79],"[88, 89, 90]"
366,428,כובע קש נשים,[32],[14],[76],[108]
367,429,כיפה חלקה סאטן,[32],[14],"[77, 78]",[108]
368,413,גרבי ילדים,[32],"[41, 19]",[76],[108]
369,430,שמיכת פליז,[32],[35],"[77, 78, 80, 83, 86, 92, 95]",[108]
370,431,כירבולית פליז צמר עבה,[38],[35],"[78, 83, 86, 92, 95]",[108]
371,433,מגבת גוף דקה,"[18, 25]",[35],"[78, 80, 92]",[108]
372,434,מגבת גוף עבה,[25],[35],"[78, 85, 86, 92, 95]",[108]
373,435,אלמוגית גדולה,[39],[37],[92],[108]
374,436,מגבת ענקית דקה,[38],[35],"[78, 85, 86, 95]",[108]
375,437,מגבת פנים,[25],[35],"[78, 92, 95]",[108]
376,438,מגבת רגליים,[25],[35],"[78, 86, 90, 95]",[108]
377,439,מגבת ענקית עבה,[25],[35],"[78, 86, 95]",[108]
378,442,תיק שרוך,[23],[22],"[77, 83, 85, 86, 92, 95]",[108]
379,443,מגבת ספורט ייבוש מהיר,"[23, 38]",[28],"[77, 86, 92, 95]",[108]
380,444,מצלמת רכב דו כיוונית,"[23, 35]",[27],[77],[108]
381,445,דיבורית בלוטוס לרכב,[23],[27],[77],[108]
382,564,כוס ילדים בועות,[39],[34],"[79, 86, 94]",[108]
383,440,סוללות AA עם תלייה,[23],[36],[76],[108]
384,432,מגבת מטבח שלישיה,[39],"[41, 35]","[85, 86, 87]",[108]
385,446,פרוז'קטור סולארי עם חיישן תנועה,[35],[27],[76],[108]
386,447,אוזניות בלוטוס גדולות,[23],[24],"[77, 78, 83, 86]",[108]
387,449,מחבט יתושים חשמלי,[23],[27],"[79, 85, 86, 87]",[108]
388,451,מלכודת דבק,[23],[26],[76],[108]
389,452,אלמוגית קטנה,[39],[37],[92],[108]
390,453,צידנית בד,"[23, 35, 38]",[17],"[79, 83, 85, 86]",[108]
391,454,תיק גב,[23],[22],"[77, 80, 86]",[108]
392,455,מכונת גילוח גברים,[23],[29],[77],[108]
393,456,בקבוק תרמוס דגם באולינג,"[28, 38, 39]",[17],"[77, 78, 83, 85, 86, 94]",[108]
394,457,בקבוקי ילדים,[39],"[41, 32]","[79, 86, 93]",[108]
395,458,בקבוק מים חמים מרופד,[39],[18],"[83, 86]",[108]
396,459,בית עוגה אינגליש קייק,[39],[32],[89],[108]
397,460,קוטל תיקנים/נמלים ג'ל,[39],[26],[76],[108]
398,450,מכונת תספורת,"[23, 35]",[29],[76],[108]
399,462,מגבת מטבח מיקרופייבר זוגי,[39],"[41, 35]","[84, 85, 86, 93]",[108]
400,464,שטיח אמבטיה,[39],[35],[76],[108]
401,465,כפכף אצבע פשוט,[18],[5],"[77, 80, 81, 85, 86]","[94, 95, 96, 97, 98, 99, 100, 101, 102, 103]"
402,466,בוקסר יחיד,[26],[19],"[77, 80, 92]","[87, 88, 89, 90, 91, 92, 93]"
403,467,בוקסר שלישייה,[26],[19],"[77, 78, 80, 92]","[87, 88, 89, 90, 91, 92, 93]"
404,468,גופיית סבא לגבר,[27],[19],"[77, 78]","[87, 88, 89, 90, 91, 92, 93]"
405,469,גרבי בובה,[32],[19],"[77, 78]","[87, 88, 89, 90, 91, 92, 93]"
406,470,כובע קש,[32],[14],[84],[108]
407,471,כובע וויזר נשים,[32],[14],"[77, 78, 86, 90, 92, 93, 95]",[108]
408,473,סט 3 רינגים מרובעים לעוגה,[39],[33],[76],[108]
409,474,מפצל 3 שקעים עם מפסק וכבל,"[22, 23, 41]",[36],[78],[108]
410,475,מפצל 4 שקעים עם מפסק וכבל,"[22, 23, 41]",[36],[78],[108]
411,476,מפצל 6 שקעים עם מפסק וכבל,"[22, 23, 41]",[36],[78],[108]
412,477,מפצל 3 שקעים אנכי,[41],[36],[78],[108]
413,478,מתאם משקע אמריקאי לישראלי,[41],[36],[78],[108]
414,479,מפצל 4 שקעים T4 עם כבל,[41],[36],[78],[108]
415,480,מפצל 4 שקעים מרובע T4,[41],[36],[78],[108]
416,481,מפצל 3 שקעים,[41],[36],[78],[108]
417,482,תוף מאריך 6 מטר 4 שקעים,[41],[36],[77],[108]
418,483,תוף 10 מטרים 4 שקעים,[41],[36],[77],[108]
419,484,תוף 15 מטרים 4 שקעים,[41],[36],[77],[108]
420,485,תוף 25 מטר 4 שקעים,[41],[36],[77],[108]
421,486,כבל מאריך 1 מטר,"[22, 23, 41]",[36],[78],[108]
422,487,כבל מאריך 2 מטר,"[22, 23, 41]",[36],[78],[108]
423,488,סט 3 רינגים לעוגה עגול,[39],[33],[76],[108]
424,489,גליל אווה 1 מטר,[39],[29],[78],[108]
425,490,גליל אווה 3 מטר,[39],[29],"[78, 81]",[108]
426,491,גלגל פיצה איכותי,[39],[33],[77],[108]
427,698,פותחן מלצרים,[39],"[41, 33]",[92],[108]
428,492,גורס מלח פלפל,[39],[32],"[77, 78]",[108]
429,493,שישית כוסות קפה זכוכית,[39],"[41, 34]",[76],[108]
430,494,ספל קפה לנשיאה,[39],[17],[76],[108]
431,495,ידיות בד למקרר,[39],[35],"[85, 86, 87, 94]",[108]
432,496,כד חלב פטנט,[39],[32],[78],[108]
433,497,חמוצון,[39],[32],"[78, 86, 90]",[108]
434,498,כבל מאריך 3 מטר,"[22, 23, 41]",[36],[78],[108]
435,499,כבל מאריך 4 מטר,"[22, 23, 41]",[36],[78],[108]
436,500,טרמוס נירוסטה 1 ליטר,[39],[17],[76],[108]
437,501,כבל מאריך 5 מטר,"[22, 23, 41]",[36],[78],[108]
438,502,מברשת צלחות בבליסטר,[39],[37],"[85, 93, 94]",[108]
439,503,כבל מאריך 6 מטר,"[22, 23, 41]",[36],[78],[108]
440,504,מברשת ציפורניים,[39],[37],"[85, 87]",[108]
441,505,כבל מאריך 8 מטר,"[22, 23, 41]",[36],[78],[108]
442,506,כבל מאריך 10 מטר,"[22, 23, 41]",[36],[78],[108]
443,507,מברשת בקבוקים,[39],[37],"[85, 93]",[108]
444,508,מתלה כביסה אלומיניום,[39],[29],[76],[108]
445,509,מגן ברקים 2 שקעים,[41],[36],[78],[108]
446,510,שק כביסה,[39],"[41, 29]",[78],[108]
447,511,רביעיית סוללות AA,[41],[36],[76],[108]
448,512,רביעיית סוללות AAA,[41],[36],[76],[108]
449,513,מתלה מגבות 2 יח',[39],[29],[82],[108]
450,514,משחיז סכינים,[39],[32],"[77, 83]",[108]
451,515,זוג סוללות C,[41],[36],[76],[108]
452,516,זוג סוללות D,[41],[36],[76],[108]
453,517,סוללה V9,[41],[36],[76],[108]
454,518,סט 3 קופסאות קליפר,[39],[32],[76],[108]
455,519,מברשת גב,[39],[37],[84],[108]
456,520,מארז סוללות מיוחד 6AA+4AAA,[41],[36],[76],[108]
457,521,נפנף למנגל,[39],[32],"[83, 86, 92, 94]",[108]
458,522,סטנד סוללות שולחני,[41],[36],[76],[108]
459,523,פומפייה שטוחה,[39],"[41, 33]",[76],[108]
460,524,שעון שבת 48 שעות,[41],[36],[76],[108]
461,525,פומפייה מרובעת נירוסטה,[39],[33],[76],[108]
462,526,ערכת ברביקיו,[39],[33],[76],[108]
463,527,נורת נר שקוף בסיס E27,[41],[36],[76],[108]
464,528,עציף פח מפואר,[39],[29],[78],[108]
465,529,נורת ספירלה בסיס E27,[41],[36],[76],[108]
466,531,נורת לד A60 בסיס E27,[41],[36],[76],[108]
467,532,סט קופסאות עגולות,[39],[32],"[79, 85, 86, 87, 94]",[108]
468,533,פקק כיור אוניברסלי,[39],[29],"[78, 85, 86, 94]",[108]
469,534,נורת נר חלבי בסיס E14,[41],[36],[76],[108]
470,660,סט 5 קערות,[39],[32],"[83, 85, 86, 93, 94]",[108]
471,535,"קופסא מלבנית 300 מ""ל",[39],"[41, 32]",[76],[108]
472,537,"קופסא מלבנית 700 מ""ל",[39],"[41, 32]",[76],[108]
473,538,קופסא מלבנית 1.1 ליטר,[39],[32],[76],[108]
474,539,קופסא מלבנית 1.5 ליטר,[39],[32],[76],[108]
475,540,נורת לד A60 בסיס E14,[41],[36],[76],[108]
476,541,קופסא מלבנית 2 ליטר,[39],[],[76],[108]
477,542,מנורת לילה חירום לד,[41],[36],[78],[108]
478,543,קופסא מלבנית 2.7 ליטר,[39],[],[76],[108]
479,544,קופסא מלבנית 3.7 ליטר,[39],[],[76],[108]
480,545,קופסת אוכל,[39],[32],"[83, 86, 90, 93, 94]",[108]
481,546,מפצל 2 שקעים,[41],[36],[78],[108]
482,547,"קופסה 450 מ""ל מחולקת",[39],[32],[76],[108]
483,405,מעיל פוך ווסט,[29],[6],"[77, 80, 81, 86, 92]","[87, 88, 89, 90, 91, 92, 93, 107]"
484,548,שיפודי נירוסטה,[39],[33],[76],[108]
485,549,רשת מנגל קטנה,[39],[33],[76],[108]
486,550,רשת מנגל גדולה,[39],[33],[76],[108]
487,551,מגן ברקים ונחשולי מתח 3 דקות השהייה,[41],[36],[78],[108]
488,552,רולר בגדים,[39],[29],[76],[108]
489,553,בקבוק לחיץ פטנט,[39],[32],[78],[108]
490,554,ברנר,[39],[33],[77],[108]
491,556,דלי 12 לי' משפך,[39],[37],[92],[108]
492,557,וילון אמבטיה בד 180*180,[39],[35],"[79, 80, 83, 92, 94]",[108]
493,558,חולץ פקקים ג'מבו,[39],[32],[77],[108]
494,559,חולץ פקקים מילניום,[39],"[41, 32]","[86, 94]",[108]
495,560,כוס מדידה 1 ליטר אקרילי,[39],[32],[76],[108]
496,561,כד מים פלסטיק,[39],[34],[76],[108]
497,562,"כד תה מפואר 1000 מ""ל",[39],[34],[85],[108]
498,563,כוס ילדים + ידית,[39],[34],"[83, 85, 86, 87, 93]",[108]
499,565,כותש שום אלומניום כבד,[39],[33],[92],[108]
500,566,כותש שום+פורס,[39],[33],[92],[108]
501,567,יאה כף אשפה,[39],[37],"[78, 92]",[108]
502,568,פורס תפוחים,[39],[33],[92],[108]
503,569,פורס ביצים 2 מצבים,[39],[33],[77],[108]
504,570,פורס אבטיח,[39],[33],[92],[108]
505,571,ארטיקון שישה,[39],[32],[76],[108]
506,572,כף אשפה עומד,[39],[37],[86],[108]
507,704,סוללות אלקליין חזקים AA,[23],"[41, 36]",[76],[86]
508,573,כף גלידה נירוסטה-פטנט,[39],[32],[92],[108]
509,574,כפפות ניקוי כלים,[39],[37],"[77, 83, 90, 93]",[108]
510,575,כף עץ לטיגון ובישול,[39],[33],[84],[108]
511,576,כף עץ אובלית ידית סיליקון,[39],[33],"[79, 83, 84, 85, 86]",[108]
512,577,כפפות בישול סיליקון,[39],[32],[76],[108]
513,578,כף בישול ארוכה סיליקון,[39],[33],"[77, 83, 85]",[108]
514,579,תרווד סיליקון ארוך,[39],[33],"[85, 86, 94]",[108]
515,580,תרווד סיליקון מחורץ,[39],[33],"[83, 85, 86, 93]",[108]
516,581,סיר למיקרו 3 לי',[39],[33],"[83, 85, 86, 90]",[108]
517,582,תרבד עץ ידית סיליקון,[39],[33],"[84, 85, 87]",[108]
518,583,סיר למיקרו 2 לי',[39],"[41, 33]","[83, 85, 90, 94]",[108]
519,584,מרית עץ מחורץ ידית סילקון,[39],[33],"[76, 85, 86, 87, 93]",[108]
520,585,סיר למיקרו 1.5 לי',[39],[33],"[83, 85, 86, 90, 94]",[108]
521,586,כף עץ מרית ידית סיליקון,[39],[33],"[85, 86, 87, 93]",[108]
522,587,"תחתית סיר 18 ס""מ",[39],[32],[76],[108]
523,588,תחתית לסיר סיליקון,[39],[32],"[83, 85, 86, 87, 94]",[108]
524,705,סוללות אלקליין חזקים AAA,[23],"[41, 36]",[76],[86]
525,589,כף משוט לפיצה\עוגה,[39],[32],[92],[108]
526,590,סט ספלים קאלסי,[39],[34],[76],[108]
527,591,"תבנית קפיץ עם מכסה 26 ס""מ",[39],[32],[77],[108]
528,592,מאריך ברז ארוך,[39],[26],[92],[108]
529,593,מצקת נירוסטה,[39],[33],[76],[108]
530,594,מאריך ברז קצר,[39],[26],[92],[108]
531,595,תרבד מחורץ נירוסטה,[39],[33],[76],[108]
532,596,"""מברשת אפייה סיליקון",[39],[33],"[86, 93]",[108]
533,597,כף חלוקה חורר נירוסטה,[39],[33],[76],[108]
534,598,כף חלוקה נירוסטה,[39],[33],[76],[108]
535,599,מברשת אפייה סיליקון לתליה,[39],[33],"[83, 86, 87, 94]",[108]
536,600,"שקיות זילוף חד פעמי 40 ס""מ",[39],[33],[76],[108]
537,601,מברשת מגהץ,[39],[37],"[79, 86, 93]",[108]
538,602,שק זילוף מקצועי + 6 צנתרים,[39],[33],[90],[108]
539,603,מברשת מנגל ארוכה דו צדדית,[39],"[41, 37]",[77],[108]
540,605,מברשת נוצות לאבק עם כיסוי,[39],"[41, 37]",[76],[108]
541,606,מברשת אבק קשיחה,[39],[37],"[77, 84]",[108]
542,607,שטיח אמבטיה מפואר,[39],"[41, 29]","[86, 90, 93, 94]",[108]
543,608,מברשת ניקוי אבק\ספות,[39],[37],[84],[108]
544,609,רב מגב משופר,[39],[37],"[77, 83]",[108]
545,610,"מגב מילניום 40 ס""מ",[39],[37],"[83, 86]",[108]
546,611,רב מגב מטאטא,[39],[37],"[77, 83]",[108]
547,613,רב מגב (מגב),[39],[37],"[77, 83]",[108]
548,614,מגב פלסטיק,[39],[37],"[79, 83, 85, 86, 94]",[108]
549,615,קרש חיתוך פלסטיק,[39],"[41, 33]","[79, 83, 85, 86, 87]",[108]
550,616,נטלן ידיים נירוסטה,[39],[29],[92],[108]
551,617,"מגב שיש 20 ס""מ",[39],"[41, 37]","[80, 83, 86, 94]",[108]
552,618,"קרחום צידנית 400 מ""ל",[39],[17],[86],[108]
553,619,"מוט מטאטא מתכת 130 ס""מ",[39],[37],"[78, 83, 86, 92]",[108]
554,620,קליפסים לאטימה,[39],"[41, 32]","[78, 79, 83, 86]",[108]
555,621,"מועך תפו""א דגם פרימיום",[39],[33],"[77, 92]",[108]
556,622,קליפס מגנט למקרר,[39],[29],"[83, 85, 87, 94]",[108]
557,623,ראש מטאטא משובח,[39],[37],[84],[108]
558,624,סט 6 קולבים פלסטיק,[39],[29],"[92, 95]",[108]
559,625,קולבים פלסטיק משולב מתכת,[39],[29],[77],[108]
560,626,מטרפה נירוסטה,[39],[33],[92],[108]
561,627,מכסה מיקרו מפואר,[39],"[41, 32]",[76],[108]
562,628,גלילוני קרח,[39],[17],"[85, 86, 94]",[108]
563,629,תבנית להכנת קרח,[39],"[41, 32]","[85, 90, 93]",[108]
564,630,מלחייה מזכוכית דגם מרובע,[39],"[41, 32]",[76],[108]
565,631,"צנצנת 750 מ""ל",[39],[32],[76],[108]
566,632,"צנצנת 400 מ""ל",[39],[32],[76],[108]
567,633,מסחטת מיץ קטנה,[39],[32],"[85, 94]",[108]
568,634,"צנצנת 1150 מ""ל",[39],[32],[76],[108]
569,635,צולה כבד קטן,[39],[33],[76],[108]
570,636,מספריים לציפורניים,[39],[29],[92],[108]
571,637,"פלטה ישרה למריחה 12 ס""מ",[39],[33],[77],[108]
572,638,"פלטה ישרה למריחה 20 ס""מ",[39],[33],[77],[108]
573,639,קולפן דגם פרימיום,[39],"[41, 33]",[76],[108]
574,640,משולש כיור פלסטיק,[39],[37],[92],[108]
575,641,סכין משוננת שפיץ,[39],[33],"[78, 83, 86]",[108]
576,642,משולש לכיור מנירוסטה,[39],[37],[92],[108]
577,643,פינג'ן מעוצב,[39],[33],"[77, 83]",[108]
578,644,משקל מטבח דיגיטלי מפואר,[39],[32],"[77, 83]",[108]
579,645,פינג'ן נירוסטה,[39],[33],[76],[108]
580,646,נפה קמח,[39],[33],[83],[108]
581,647,פטיש שניצל עץ,[39],[33],[84],[108]
582,648,פותחן שימורים,[39],"[41, 33]",[76],[108]
583,649,סבוניה כפולה,[39],[37],[92],[108]
584,650,פותחן מפואר,[39],[33],[76],[108]
585,651,סט 4 חלקים לאמבטיה,[39],"[41, 37]","[77, 78]",[108]
586,652,סלסלת מיני,[39],[29],"[78, 83, 86, 92, 94]",[108]
587,653,סלסלה קטנה,[39],[29],"[78, 81, 92]",[108]
588,654,סט 4 צנצנות תבלינים,[39],"[41, 32]",[76],[108]
589,655,סלסלה בינונית,[39],[29],"[78, 81, 92, 95]",[108]
590,656,סלסלה גדולה,[39],[29],"[78, 81, 92, 95]",[108]
591,657,סלסלה ארוכה,[39],[29],"[78, 81, 83, 86, 92]",[108]
592,658,סט 4 קופסאות אכסון,[39],"[41, 32]","[79, 87, 93, 94]",[108]
593,659,סכיני בשר ידיות עץ,[39],[34],[84],[108]
594,663,סכין מדורג משונן,[39],[33],"[78, 83, 85, 86]",[108]
595,536,"קופסא מלבנית 570 מ""ל",[39],[32],[76],[108]
596,662,מארז 6 מזלגות,[39],"[41, 34]",[76],[108]
597,664,מארז 6 כפות,[39],"[41, 34]",[76],[108]
598,665,סכין טולסוויס משונן,[39],[33],[83],[108]
599,666,סכין טולסוויס משונן שפיץ,[39],[33],"[83, 85]",[108]
600,669,סט 12 חותכנים/שבלונות לעוגה,[39],[33],[76],[108]
601,670,סכין טולסוויס חלק שפיץ,[39],[33],"[83, 85]",[108]
602,671,מארז סיכות ביטחון,[39],[29],[76],[108]
603,672,סכומון נירוסטה,[39],[34],[76],[108]
604,673,סט קפה תה סוכר נירוסטה,[39],[32],"[77, 78, 83]",[108]
605,674,מספריים פטנט,[39],[33],[77],[108]
606,675,כובע צמר MY,[34],"[41, 18]","[77, 81, 82]",[108]
607,677,צעיף סרוג צבעוני,[34],[18],"[77, 78, 80, 81, 84]",[108]
608,678,סרט מצח מנומר,[34],[18],"[78, 82, 84, 92]",[108]
609,668,מארז 6 כפיות ארוכות,[39],"[41, 34]",[76],[108]
610,667,מארז 6 כפיות,[39],"[41, 34]",[76],[108]
611,679,כובע צמר ניו יורק,[34],[18],"[77, 78, 80, 81, 85, 86]",[108]
612,680,גרביים טרמיות,[32],"[41, 18]",[92],[108]
613,681,כובע צמר חד קרן,[34],[18],"[77, 78, 92, 93]",[108]
614,530,קופסה אטומה מחולקת,[39],[32],"[83, 85, 87, 94]",[108]
615,682,תיק רחצה נתלה,[38],[22],"[77, 80, 81, 83]",[108]
616,683,מחברת מעוצבת,[38],[38],"[77, 80, 81]",[108]
617,684,תיק טיולים,[38],[22],"[77, 80, 81, 83, 85]",[108]
618,685,עט מעוצב דגם ריילי,[38],[38],"[77, 78, 80, 81, 83, 85, 86, 87]",[108]
619,686,עט מעוצב דגם קוורץ,[38],[38],"[77, 78, 80, 81, 83, 86]",[108]
620,687,עט מעוצב דגם כלנית,[38],[38],"[80, 83, 85, 86, 87]",[108]
621,688,יומן שבועי יוקרתי,[42],[38],"[77, 80, 84]",[108]
622,689,חלוק קטיפה,[38],[35],[78],[108]
623,690,תיק אל בד,[38],[22],"[78, 80, 83, 85, 86, 92, 95]",[108]
624,691,ערכת קפה,[38],[17],[77],[108]
625,692,כיסא ים במאי,[38],[17],"[83, 86]",[108]
626,693,שמשיה,[38],[17],"[79, 80, 83, 85, 87]",[108]
627,694,ספל עשוי קרמיקה,[38],[34],[95],[108]
628,695,פד לעכבר,[38],[38],"[78, 95]",[108]
629,696,פד לעכבר יוקרתי,[38],[38],"[77, 80, 81, 95]",[108]
630,676,כובע צמר רגאיי,[34],[18],"[77, 79, 83]",[108]
631,7,ספיידר חום,[8],[5],[84],"[95, 96, 97, 98, 99, 100, 101, 102, 103, 104, 105]"
632,321,ארנק עור חלק לגבר,[23],[22],"[77, 84]",[108]
633,336,גוזז ציפורניים,[23],[29],[76],[108]
634,303,משקל גרמים קטן,[23],[29],[76],[108]
635,441,סוללות AAA עם אריזה לתליה,[23],[36],[76],[108]
636,697,סט תיקון פנצ'ר אופניים פשוט,[23],[],[76],[86]
637,338,סט ערכת תפירה,"[23, 39]",[29],[76],[108]
638,119,כובע גנב,[32],[18],[77],[108]
639,425,מכנס טרמי,[32],[6],"[77, 78]","[87, 88, 89, 90, 91]"
640,448,ארנקי נשים,[23],[22],"[77, 83, 86, 94]",[108]
641,194,כובע עמיד במים פרוותי,[23],[18],"[77, 84, 92]",[108]
642,232,מאפרה לחיצה,[23],[25],"[79, 83, 85, 86]",[108]
643,184,"כובע ילדים דגם ""פנדה""",[34],[18],"[77, 80, 83, 86, 87, 93]",[108]
644,472,אטבים 24 יח',[39],"[41, 29]","[79, 83, 85, 86]",[108]
645,700,"קופסא מלבנית 450 מ""ל",[39],[32],[76],[86]
646,293,מידנית 1.5 ליטר,[23],"[41, 17]","[83, 85, 86]",[108]
647,661,סכין פשוטה,[39],"[41, 34]","[78, 83, 86]",[108]
648,604,שירותון,[39],"[41, 37]",[78],[108]
649,701,"קופסא מלבנית 830 מ""ל",[39],[32],[76],[86]
650,699,"קופסת אחסנה  500 מ""ל סט 3",[39],"[41, 32]","[79, 83, 87]",[108]
651,702,"קופסת אחסנה  750 מ""ל סט 2",[39],"[41, 32]","[79, 83, 87]",[86]
652,703,"קופסת אחסנה  1000 מ""ל סט 2",[39],"[41, 32]","[79, 83, 87]",[86]
653,5,פנדה מונביסו,[8],[5],[84],"[98, 99, 100, 101, 102, 103]"
